Workbook

Sheet CADASTRO
A2: NOME DO ALUNO | B2: FILIAL | C2: CÓDIGO CURSO | D2: NOME CURSO | E2: VALOR MENSALIDADE
A3: Ana Maria Bernardes | B3: Vila Mariana | C3: 2 | D3: =VLOOKUP(C3,TABELA!A$1:C$10,2,FALSE) -> Word - Básico | E3: =VLOOKUP(C3,TABELA!A$1:C$10,3,FALSE) -> 180
A4: Beatriz Saracena | B4: Aclimação | C4: 3 | D4: =VLOOKUP(C4,TABELA!A$1:C$10,2,FALSE) -> Word - Avaçado | E4: =VLOOKUP(C4,TABELA!A$1:C$10,3,FALSE) -> 270
A5: Diógenes Duarte Lima | B5: Vila Mariana | C5: 2 | D5: =VLOOKUP(C5,TABELA!A$1:C$10,2,FALSE) -> Word - Básico | E5: =VLOOKUP(C5,TABELA!A$1:C$10,3,FALSE) -> 180
A6: Fernando Coriolano | B6: Itaim Bibi | C6: 3 | D6: =VLOOKUP(C6,TABELA!A$1:C$10,2,FALSE) -> Word - Avaçado | E6: =VLOOKUP(C6,TABELA!A$1:C$10,3,FALSE) -> 270
A7: Maria Carlina Braga | B7: Itaim Bibi | C7: 1 | D7: =VLOOKUP(C7,TABELA!A$1:C$10,2,FALSE) -> Internet | E7: =VLOOKUP(C7,TABELA!A$1:C$10,3,FALSE) -> 150
A8: Felipe dos Santos | B8: Aclimação | C8: 7 | D8: =VLOOKUP(C8,TABELA!A$1:C$10,2,FALSE) -> Power Point - Avançado | E8: =VLOOKUP(C8,TABELA!A$1:C$10,3,FALSE) -> 170
A9: Vanderlei Higino | B9: Aclimação | C9: 1 | D9: =VLOOKUP(C9,TABELA!A$1:C$10,2,FALSE) -> Internet | E9: =VLOOKUP(C9,TABELA!A$1:C$10,3,FALSE) -> 150
A10: Rodrigo Maia | B10: Aclimação | C10: 4 | D10: =VLOOKUP(C10,TABELA!A$1:C$10,2,FALSE) -> Excel - Básico | E10: =VLOOKUP(C10,TABELA!A$1:C$10,3,FALSE) -> 200
A11: Alexandre Garcia Gomes | B11: Vila Mariana | C11: 6 | D11: =VLOOKUP(C11,TABELA!A$1:C$10,2,FALSE) -> Power Point - Básico | E11: =VLOOKUP(C11,TABELA!A$1:C$10,3,FALSE) -> 120
A12: Jussara Medeiros | B12: Itaim Bibi | C12: 6 | D12: =VLOOKUP(C12,TABELA!A$1:C$10,2,FALSE) -> Power Point - Básico | E12: =VLOOKUP(C12,TABELA!A$1:C$10,3,FALSE) -> 120
A13: Rogerio Dias | B13: Itaim Bibi | C13: 3 | D13: =VLOOKUP(C13,TABELA!A$1:C$10,2,FALSE) -> Word - Avaçado | E13: =VLOOKUP(C13,TABELA!A$1:C$10,3,FALSE) -> 270
A14: Jaciara Yonh | B14: Itaim Bibi | C14: 8 | D14: =VLOOKUP(C14,TABELA!A$1:C$10,2,FALSE) -> Access | E14: =VLOOKUP(C14,TABELA!A$1:C$10,3,FALSE) -> 270
... A23: João Paulo Moreira | B23: Aclimação | C23: 7 | D23: =VLOOKUP(C23,TABELA!A$1:C$10,2,FALSE) -> Power Point - Avançado | E23: =VLOOKUP(C23,TABELA!A$1:C$10,3,FALSE) -> 170

Sheet TABELA
A1: CÓDIGO | B1: CURSO | C1: MENSALIDADE
A2: 1 | B2: Internet | C2: 150
A3: 2 | B3: Word - Básico | C3: 180
A4: 3 | B4: Word - Avaçado | C4: 270
A5: 4 | B5: Excel - Básico | C5: 200
A6: 5 | B6: Excel - Avançado | C6: 250
A7: 6 | B7: Power Point - Básico | C7: 120
A8: 7 | B8: Power Point - Avançado | C8: 170
A9: 8 | B9: Access | C9: 270
A10: 9 | B10: Access com VBA | C10: 320
