Workbook

Sheet ESTOQUE
A1: DATA DE HOJE: | F1: =TODAY() -> 46111
A2: DIA DE HOJE: | F2: =DAY(F1) -> 30
A3: NÚMERO DO MÊS DE HOJE: | F3: =MONTH(F1) -> 3
A4: ANO DE HOJE: | F4: =YEAR(F1) -> 2026
A5: NÚMERO DO DIA DA SEMANA DE HOJE: | F5: =WEEKDAY(F1) -> 2
A7: CONTROLE DO ESTOQUE DE VASSOURAS
A8: MÊS: | B8: 44075
A10: DATA | B10: DIA DA SEMANA | C10: ESTOQUE ANTERIOR | D10: QUANTIDADE ENTRADA | E10: QUANTIDADE SAÍDA | F10: ESTOQUE DO DIA
A11: =WORKDAY.INTL(B8-1,1,1,FERIADOS!A:A) -> 44075 | B11: 44075 | C11: 10 | D11: 20 | E11: 15 | F11: =C11+D11-E11 -> 15
A12: =WORKDAY.INTL(A11,1,1,FERIADOS!A:A) -> 44076 | B12: 44076 | C12: =F11 -> 15 | D12: 5 | E12: 20 | F12: =C12+D12-E12 -> 0
A13: =WORKDAY.INTL(A12,1,1,FERIADOS!A:A) -> 44077 | B13: 44077 | C13: =F12 -> 0 | D13: 10 | E13: 8 | F13: =C13+D13-E13 -> 2
A14: =WORKDAY.INTL(A13,1,1,FERIADOS!A:A) -> 44078 | B14: 44078 | C14: =F13 -> 2 | D14: 23 | E14: 20 | F14: =C14+D14-E14 -> 5
A15: =WORKDAY.INTL(A14,1,1,FERIADOS!A:A) -> 44082 | B15: 44082 | C15: =F14 -> 5 | D15: 25 | E15: 22 | F15: =C15+D15-E15 -> 8
A16: =WORKDAY.INTL(A15,1,1,FERIADOS!A:A) -> 44083 | B16: 44083 | C16: =F15 -> 8 | D16: 12 | E16: 10 | F16: =C16+D16-E16 -> 10
A17: =WORKDAY.INTL(A16,1,1,FERIADOS!A:A) -> 44084 | B17: 44084 | C17: =F16 -> 10 | D17: 20 | E17: 12 | F17: =C17+D17-E17 -> 18
A18: =WORKDAY.INTL(A17,1,1,FERIADOS!A:A) -> 44085 | B18: 44085 | C18: =F17 -> 18 | D18: 2 | E18: 15 | F18: =C18+D18-E18 -> 5
A19: =WORKDAY.INTL(A18,1,1,FERIADOS!A:A) -> 44088 | B19: 44088 | C19: =F18 -> 5 | D19: 13 | E19: 17 | F19: =C19+D19-E19 -> 1
A20: =WORKDAY.INTL(A19,1,1,FERIADOS!A:A) -> 44089 | B20: 44089 | C20: =F19 -> 1 | D20: 20 | E20: 15 | F20: =C20+D20-E20 -> 6
A21: =WORKDAY.INTL(A20,1,1,FERIADOS!A:A) -> 44090 | B21: 44090 | C21: =F20 -> 6 | D21: 22 | E21: 25 | F21: =C21+D21-E21 -> 3
A22: =WORKDAY.INTL(A21,1,1,FERIADOS!A:A) -> 44091 | B22: 44091 | C22: =F21 -> 3 | D22: 30 | E22: 24 | F22: =C22+D22-E22 -> 9
A23: =WORKDAY.INTL(A22,1,1,FERIADOS!A:A) -> 44092 | B23: 44092 | C23: =F22 -> 9 | D23: 45 | E23: 40 | F23: =C23+D23-E23 -> 14
... A31: =WORKDAY.INTL(A30,1,1,FERIADOS!A:A) -> 44104 | B31: 44104 | C31: =F30 -> 5 | D31: 25 | E31: 15 | F31: =C31+D31-E31 -> 15

Sheet FERIADOS
A1: 44081

Sheet Funções

Sheet Funções 2
